-- phpMyAdmin SQL Dump
-- version 4.7.7
-- https://www.phpmyadmin.net/
--
-- Host: localhost
-- Generation Time: Jan 26, 2020 at 09:29 AM
-- Server version: 10.1.30-MariaDB
-- PHP Version: 5.6.33

SET SQL_MODE = "NO_AUTO_VALUE_ON_ZERO";
SET AUTOCOMMIT = 0;
START TRANSACTION;
SET time_zone = "+00:00";


/*!40101 SET @OLD_CHARACTER_SET_CLIENT=@@CHARACTER_SET_CLIENT */;
/*!40101 SET @OLD_CHARACTER_SET_RESULTS=@@CHARACTER_SET_RESULTS */;
/*!40101 SET @OLD_COLLATION_CONNECTION=@@COLLATION_CONNECTION */;
/*!40101 SET NAMES utf8mb4 */;

--
-- Database: `kasir`
--

-- --------------------------------------------------------

--
-- Table structure for table `tbl_admin`
--

CREATE TABLE `tbl_admin` (
  `id_admin` int(11) NOT NULL,
  `user_admin` varchar(222) NOT NULL,
  `pass_admin` varchar(222) NOT NULL,
  `time_admin` timestamp NOT NULL DEFAULT CURRENT_TIMESTAMP ON UPDATE CURRENT_TIMESTAMP,
  `status_admin` enum('1','0') NOT NULL,
  `nama_admin` varchar(222) NOT NULL,
  `telp_admin` varchar(222) NOT NULL,
  `email_admin` varchar(222) NOT NULL,
  `level` enum('3','2','1') NOT NULL COMMENT '1=admin,2=keuangan,3=CS',
  `request_status` int(1) NOT NULL COMMENT '1=link_sent,0=tidak_ada',
  `tempat_lahir` varchar(222) NOT NULL,
  `tgl_lahir` date NOT NULL,
  `kelamin` enum('L','P') NOT NULL,
  `pendidikan` varchar(55) NOT NULL,
  `jabatan` varchar(222) NOT NULL,
  `npwp` varchar(55) NOT NULL
) ENGINE=InnoDB DEFAULT CHARSET=latin1;

--
-- Dumping data for table `tbl_admin`
--

INSERT INTO `tbl_admin` (`id_admin`, `user_admin`, `pass_admin`, `time_admin`, `status_admin`, `nama_admin`, `telp_admin`, `email_admin`, `level`, `request_status`, `tempat_lahir`, `tgl_lahir`, `kelamin`, `pendidikan`, `jabatan`, `npwp`) VALUES
(1, 'admin', '827ccb0eea8a706c4c34a16891f84e7b', '2020-01-25 08:31:40', '1', 'Admin', '0811656616', 'dokterwebid@gmail.com', '1', 0, '', '0000-00-00', 'L', '', '', ''),
(2, 'kasir', '827ccb0eea8a706c4c34a16891f84e7b', '2020-01-25 08:29:32', '1', 'kasir', '082277109994', 'reza.angga@gmail.com', '3', 0, 'Medan', '0000-00-00', 'L', 'S1', 'Designer', '4223423'),
(5, 'jony', 'e10adc3949ba59abbe56e057f20f883e', '2018-12-03 05:06:43', '1', 'Jony', '082277109994', 'blionia.com@gmail.com', '2', 0, '', '0000-00-00', 'L', '', '', '');

-- --------------------------------------------------------

--
-- Table structure for table `tbl_bank`
--

CREATE TABLE `tbl_bank` (
  `id_bank` int(11) NOT NULL,
  `nama_bank` varchar(222) NOT NULL
) ENGINE=InnoDB DEFAULT CHARSET=latin1;

--
-- Dumping data for table `tbl_bank`
--

INSERT INTO `tbl_bank` (`id_bank`, `nama_bank`) VALUES
(14, 'BANK BCA'),
(8, 'BANK MANDIRI'),
(9, 'BANK BNI'),
(9, 'BANK BNI SYARIAH'),
(2, 'BANK BRI'),
(451, 'BANK SYARIAH MANDIRI'),
(22, 'BANK CIMB NIAGA'),
(22, 'BANK CIMB NIAGA SYARIAH'),
(147, 'BANK MUAMALAT'),
(422, 'BANK BRI SYARIAH'),
(200, 'BANK TABUNGAN NEGARA (BTN)'),
(13, 'PERMATA BANK'),
(11, 'BANK DANAMON'),
(16, 'BANK BII MAYBANK'),
(426, 'BANK MEGA'),
(153, 'BANK SINARMAS'),
(950, 'BANK COMMONWEALTH'),
(28, 'BANK OCBC NISP'),
(441, 'BANK BUKOPIN'),
(536, 'BANK BCA SYARIAH'),
(26, 'BANK LIPPO'),
(110, 'BANK JABAR'),
(111, 'BANK DKI'),
(112, 'BPD DIY'),
(113, 'BANK JATENG'),
(114, 'BANK JATIM'),
(115, 'BPD JAMBI'),
(116, 'BPD ACEH'),
(117, 'BANK SUMUT'),
(118, 'BANK NAGARI'),
(119, 'BANK RIAU'),
(120, 'BANK SUMSEL'),
(121, 'BANK LAMPUNG'),
(122, 'BPD KALSEL'),
(123, 'BPD KALIMANTAN BARAT'),
(124, 'BPD KALTIM'),
(125, 'BPD KALTENG'),
(126, 'BPD SULSEL'),
(127, 'BANK SULUT'),
(128, 'BPD NTB'),
(129, 'BPD BALI'),
(130, 'BANK NTT'),
(131, 'BANK MALUKU'),
(132, 'BPD PAPUA'),
(133, 'BANK BENGKULU'),
(134, 'BPD SULAWESI TENGAH'),
(135, 'BANK SULTRA'),
(3, 'BANK EKSPOR INDONESIA'),
(19, 'BANK PANIN'),
(20, 'BANK ARTA NIAGA KENCANA'),
(23, 'BANK BUANA IND'),
(37, 'BANK ARTHA GRAHA'),
(46, 'BANK DBS INDONESIA'),
(47, 'BANK RESONA PERDANIA'),
(48, 'BANK MIZUHO INDONESIA'),
(50, 'STANDARD CHARTERED BANK'),
(52, 'BANK ABN AMRO'),
(60, 'RABOBANK INTERNASIONAL INDONESIA'),
(61, 'ANZ PANIN BANK'),
(76, 'BANK BUMI ARTA'),
(87, 'BANK EKONOMI'),
(151, 'BANK MESTIKA'),
(157, 'BANK MASPION'),
(159, 'BANK HAGAKITA'),
(161, 'BANK GANESHA'),
(162, 'BANK WINDU KENTJANA');

-- --------------------------------------------------------

--
-- Table structure for table `tbl_barang`
--

CREATE TABLE `tbl_barang` (
  `id` int(11) NOT NULL,
  `nama_barang` varchar(222) NOT NULL,
  `harga_pokok` double NOT NULL,
  `harga_retail` double NOT NULL,
  `harga_lusin` double NOT NULL,
  `harga_koli` double NOT NULL,
  `jum_per_koli` double NOT NULL
) ENGINE=InnoDB DEFAULT CHARSET=latin1;

--
-- Dumping data for table `tbl_barang`
--

INSERT INTO `tbl_barang` (`id`, `nama_barang`, `harga_pokok`, `harga_retail`, `harga_lusin`, `harga_koli`, `jum_per_koli`) VALUES
(1, 'ALAT PENGIRIS KENTANG SPIRAL', 52000, 69000, 68000, 67000, 20),
(2, 'ALAT PENGASAH PISAU', 15000, 23000, 22000, 21000, 20),
(3, 'AYUNAN KAIN (200cm x 80cm)', 35000, 55000, 54000, 53000, 20),
(4, 'APPLE LEARNING', 23000, 27000, 26000, 25000, 20),
(5, 'ALAT POTONG SET', 48000, 55000, 54000, 53000, 5),
(6, 'BLENDER PORTABLE', 57000, 66000, 65000, 64000, 20),
(7, 'BOTOL PETAK', 7100, 8000, 8000, 8000, 20),
(8, 'BOTOL PETAK BPA FREE', 7100, 9000, 9000, 9000, 20),
(9, 'BLENDER CAPSULE', 87000, 100000, 98000, 96000, 20),
(10, 'BLENDER NATIONAL 2in1', 100000, 135000, 133000, 132000, 20),
(11, 'BLENDER MANUAL', 30000, 33000, 33000, 33000, 20),
(12, 'BOTOL PORTABLE CUP', 15000, 24000, 23000, 22000, 20),
(13, 'BOTOL SELIYA', 15000, 23000, 22000, 21000, 20),
(14, 'BOTOL DREAM', 15000, 18000, 17000, 16000, 20),
(15, 'CALYPSO PAN (24cm)', 30000, 38000, 37000, 36000, 20),
(16, 'CETAKAN LONTONG KECIL (15cm x 4cm)', 32000, 40000, 38000, 37000, 20),
(17, 'CELEMEK', 4000, 6000, 5500, 5000, 20),
(18, 'COOKING BOWL', 24000, 28000, 27000, 26000, 20),
(19, 'CELANA DALAM ANAK', 3500, 5000, 4500, 4000, 20),
(20, 'COOKWARE SET ISI 4', 130000, 150000, 148000, 145000, 20),
(21, 'COOKWARE SET ISI 6', 210000, 250000, 247000, 245000, 20),
(22, 'CASPIAN SENDOK SET', 14, 75000, 73000, 71000, 20),
(23, 'DISPENSER ODOL', 14000, 20000, 19000, 18000, 20),
(24, 'E - BOOK 4in1', 50000, 55000, 58000, 56000, 20),
(25, 'GEMBOK ALARM', 40000, 55000, 54000, 52000, 20),
(26, 'GORDEN KOLONG (80cm x 65cm)', 10000, 15000, 14000, 13000, 20),
(27, 'HAPPY CALL 7 LUBANG DATAR', 98000, 109000, 108000, 106000, 20),
(28, 'HAPPY CALL 12 LUBANG MOTIF', 98000, 109000, 108000, 106000, 20),
(29, 'HAPPY CALL 12 LUBANG DATAR', 98000, 109000, 108000, 106000, 20),
(30, 'HAPPY CALL 19 LUBANG TAKOYAKI', 98000, 109000, 108000, 106000, 20),
(31, 'HAPPY CALL DOUBLE PAN (32cm)', 142000, 155000, 153000, 150000, 20),
(32, 'HAPPY CALL GRILL (32cm)', 28500, 33000, 33000, 33000, 20),
(33, 'HAIR DRYER JUMBO NOVA', 45000, 55000, 53000, 50000, 20),
(34, 'HAIR DRYER MINI NOVA', 25000, 35000, 34000, 32000, 20),
(35, 'HANDUK MOTIF KARAKTER (140cm x 70cm)', 16000, 22000, 21000, 19000, 20),
(36, 'JAHIT SET', 9000, 13000, 12000, 11500, 20),
(37, 'KELAMBU BUTTERFLY (200cm x 200cm)', 90000, 105000, 103000, 98000, 20),
(38, 'KIM GLASS 3 PCS', 20000, 27000, 26000, 24000, 20),
(39, 'KINOKI KOYO', 7000, 9000, 9000, 9000, 20),
(40, 'KESET KAKI MOTIF', 11000, 14000, 13000, 13000, 20),
(41, 'KERANJANG KOTOR KARAKTER', 8000, 12000, 10000, 10000, 20),
(42, 'KELAMBU MAWAR (200cm x 180cm)', 20000, 30000, 29000, 28000, 20),
(43, 'KEPALA SHOWER', 25000, 35000, 34000, 32000, 20),
(44, 'LAMPU TUMBLR (10m)', 13500, 17000, 16500, 16000, 20),
(45, 'LAMPU CAMPING ', 24000, 34000, 33000, 32000, 20),
(46, 'LAMPU HIAS BINTANG BESAR', 15000, 23000, 23000, 21500, 20),
(47, 'LEMARI KOTAK 6 sisi (37cm x 74cm x 111cm)', 180000, 215000, 213000, 210000, 20),
(48, 'LEMARI MINI (50cm x 37cm)', 70000, 88000, 86000, 85000, 20),
(49, 'LAMPU TIUP', 32500, 37000, 36000, 35500, 20),
(50, 'LAMPU CAMPING DISCO', 45000, 55000, 44000, 42000, 20),
(51, 'LAMPU MEJA BELAJAR', 36000, 36000, 36000, 360000, 20),
(52, 'MINI FAN', 25000, 30000, 29000, 27000, 20),
(53, 'MAGNOLIA', 170000, 170000, 170000, 170000, 20),
(54, 'MAGIC HOSE 15M', 35000, 38000, 38000, 38000, 20),
(55, 'MAGIC HOSE 22.5M', 45000, 50000, 50000, 49000, 20),
(56, 'MATRAS MOBIL LARIZ', 180000, 190000, 188000, 186000, 20),
(57, 'GURITA PHONE', 4000, 5000, 5000, 5000, 20),
(58, 'MAGIC HANGER', 30000, 40000, 39000, 37000, 20),
(59, 'PISAU BUAH', 11000, 15000, 14000, 13000, 20),
(60, 'PISAU KITCHEN SET', 55000, 65000, 63000, 60000, 20),
(61, 'PISAU KITCHEN SET Q2', 55000, 65000, 63000, 60000, 20),
(62, 'SARINGAN AIR SWS', 31000, 49000, 47000, 45000, 20),
(63, 'PENYEDOT KOMEDO', 75000, 86000, 84000, 82000, 20),
(64, 'PENGGILING DAGING', 32000, 37000, 36000, 35000, 48),
(65, 'PEMERAS JERUK', 10000, 12000, 12000, 12000, 20),
(66, 'PANGGANGAN PORTABLE', 87000, 97000, 95000, 0, 20),
(67, 'PANCI MUSCLE', 105000, 125000, 123000, 0, 20),
(68, 'RAK DINDING SWEETHOME', 15000, 26000, 24000, 0, 20),
(69, 'RAK SET 3 IN 1', 28000, 53000, 52000, 0, 20),
(70, 'RAK PORTABLE KARAKTER DIVA', 50000, 65000, 63000, 0, 20),
(71, 'RAK SEGITIGA', 90000, 105000, 100000, 0, 20),
(72, 'RAK BAJU SERBAGUNA', 75000, 100000, 95000, 0, 20),
(73, 'RANTANG MAKAN LUVMI', 50000, 65000, 64000, 0, 20),
(74, 'RAK SHABBY', 30000, 46000, 44000, 0, 20),
(75, 'RAK BUKU SERBAGUNA', 55000, 76000, 74000, 0, 20),
(76, 'RAK SABUN', 36000, 58000, 55000, 0, 20),
(77, 'RAK SEGITIGA TOILET', 36000, 58000, 56000, 0, 20),
(78, 'RAK QURAN', 25000, 33000, 38000, 0, 20),
(79, 'RAK SEPATU PAYUNG 5 SUSUN', 55000, 70000, 68000, 0, 20),
(80, 'RAK SEPATU AMAZING', 51000, 58000, 55000, 0, 20),
(81, 'SENDOK POLKADOT', 48000, 52000, 51000, 0, 20),
(82, 'SABUN MAHKOTA', 14500, 16000, 15500, 0, 20),
(83, 'SENDOK BATIK', 10000, 11000, 11000, 0, 20),
(84, 'STAND HANGER DOUBLE', 90000, 110000, 108000, 0, 20),
(85, 'SELIMUT (190cm x 140cm)', 24000, 30000, 28000, 0, 20),
(86, 'STICKER KACA (5m x 45cm)', 22000, 27000, 0, 0, 20),
(87, 'SURPET KARAKTER (150cm x 180cm x 3cm)', 230000, 260000, 0, 0, 20),
(88, 'SUTIL STAINLESS', 25000, 33000, 0, 0, 20),
(89, 'STAND CORNER', 75000, 88000, 0, 0, 20),
(90, 'TEMPAT BUMBU SEASONING', 25000, 34000, 32000, 0, 20),
(91, 'TOPI KERAMAS (SHOWER CAP)', 1500, 3000, 2500, 0, 20),
(92, 'TIRAI BENANG (100cm x 200cm)', 5000, 11000, 10000, 0, 20),
(93, 'TUDUNG SAJI', 20000, 30000, 26000, 0, 20),
(94, 'TAPLAK MEJA MAKAN (137cm x 100cm)', 22000, 30000, 0, 0, 20),
(95, 'TIKAR PIKNIK (150cm x 152cm)', 30000, 40000, 39000, 0, 20),
(96, 'TIRAI MAGNET (210cm x 90cm)', 17000, 22000, 21000, 0, 20),
(97, 'TERMOS KACA ANIMAL (450ml)', 7000, 13000, 0, 0, 20),
(98, 'TIMBANGAN BADAN PS DIGITAL', 55000, 75000, 72000, 0, 20),
(99, 'TAS SANDANG ', 20000, 27000, 25000, 0, 20),
(100, 'TEA POT 5in1', 27000, 35000, 34000, 0, 20),
(101, 'TELENAN SERBAGUNA', 30000, 36000, 0, 0, 20),
(102, 'TEKO SIUL 5L', 80000, 90000, 0, 0, 20),
(103, 'TAS MOBIL MULTIFUNGSI', 21000, 26000, 0, 0, 20),
(104, 'TAPLAK KULKAS (130cm x 54cm)', 8000, 14000, 13000, 0, 20),
(105, 'TEKO LISTRIK', 55000, 74000, 0, 0, 20),
(106, 'TEFLON MINI', 8000, 13000, 0, 0, 20),
(107, 'WARMER STOVE', 60000, 80000, 0, 0, 20),
(108, 'WALLPAPER DINDING (10m x 45cm)', 31000, 35000, 34000, 33500, 30),
(109, 'WALLPAPER DAPUR (5m x 45cm)', 21500, 23000, 0, 0, 20),
(110, 'WAJAN ENAMEL (34cm)', 29500, 38000, 0, 0, 20),
(111, 'BOTOL H&P', 18000, 25000, 0, 0, 20),
(112, 'KALIGRAFI (25cm x 25cm) (38cm x 21cm)', 35000, 45000, 0, 0, 20),
(113, 'SAJADAH', 50000, 60000, 58000, 55000, 40),
(114, 'WALLPAPPER GABUS', 15000, 22000, 21000, 20000, 0),
(115, 'CALIGRAFI', 0, 45000, 44000, 0, 0),
(117, 'SABUN ARAB', 0, 16000, 15500, 15000, 144),
(118, 'LES WALLPAPER', 0, 20000, 19000, 18000, 48);

-- --------------------------------------------------------

--
-- Table structure for table `tbl_barang_return`
--

CREATE TABLE `tbl_barang_return` (
  `id` int(11) NOT NULL,
  `id_barang` int(11) NOT NULL,
  `jumlah` int(11) NOT NULL,
  `uang_kembali` double NOT NULL,
  `nama` varchar(222) NOT NULL,
  `hp` int(11) NOT NULL,
  `ket` varchar(222) NOT NULL,
  `tgl_trx` timestamp NOT NULL DEFAULT CURRENT_TIMESTAMP ON UPDATE CURRENT_TIMESTAMP
) ENGINE=InnoDB DEFAULT CHARSET=latin1;

-- --------------------------------------------------------

--
-- Table structure for table `tbl_barang_transaksi`
--

CREATE TABLE `tbl_barang_transaksi` (
  `id_transaksi` int(11) NOT NULL,
  `jumlah` int(11) NOT NULL,
  `jenis` enum('masuk','keluar') NOT NULL,
  `id_barang` int(11) NOT NULL,
  `tgl_transaksi` timestamp NOT NULL DEFAULT CURRENT_TIMESTAMP ON UPDATE CURRENT_TIMESTAMP,
  `harga_beli` double NOT NULL,
  `grup_penjualan` char(50) NOT NULL,
  `id_admin` int(11) NOT NULL,
  `nama_pembeli` varchar(222) NOT NULL,
  `hp_pembeli` varchar(222) NOT NULL,
  `nama_packing` varchar(222) NOT NULL,
  `satuan_jual` varchar(222) NOT NULL COMMENT 'enum(''retail'', ''lusin'', ''koli'')',
  `harga_jual` double NOT NULL,
  `diskon` double NOT NULL,
  `bayar` double NOT NULL,
  `sub_total_jual` double NOT NULL,
  `qty_jual` int(11) NOT NULL,
  `jum_per_koli` int(11) NOT NULL,
  `tgl_trx_manual` datetime NOT NULL,
  `keterangan` varchar(222) NOT NULL,
  `sub_total_beli` double NOT NULL
) ENGINE=InnoDB DEFAULT CHARSET=latin1;

--
-- Dumping data for table `tbl_barang_transaksi`
--

INSERT INTO `tbl_barang_transaksi` (`id_transaksi`, `jumlah`, `jenis`, `id_barang`, `tgl_transaksi`, `harga_beli`, `grup_penjualan`, `id_admin`, `nama_pembeli`, `hp_pembeli`, `nama_packing`, `satuan_jual`, `harga_jual`, `diskon`, `bayar`, `sub_total_jual`, `qty_jual`, `jum_per_koli`, `tgl_trx_manual`, `keterangan`, `sub_total_beli`) VALUES
(10, 156, 'masuk', 2, '2020-01-21 07:21:11', 15000, '', 0, '', '', '', '', 0, 0, 0, 0, 0, 0, '0000-00-00 00:00:00', '', 0),
(11, 42, 'masuk', 5, '2020-01-21 07:28:02', 49000, '', 0, '', '', '', '', 0, 0, 0, 0, 0, 0, '0000-00-00 00:00:00', '', 0),
(13, 63, 'masuk', 8, '2020-01-22 02:45:37', 7100, '', 0, '', '', '', '', 0, 0, 0, 0, 0, 0, '0000-00-00 00:00:00', '', 0),
(14, 35, 'masuk', 1, '2020-01-22 03:03:13', 52000, '', 0, '', '', '', '', 0, 0, 0, 0, 0, 0, '0000-00-00 00:00:00', '', 0),
(15, 31, 'masuk', 3, '2020-01-22 03:06:25', 35000, '', 0, '', '', '', '', 0, 0, 0, 0, 0, 0, '0000-00-00 00:00:00', '', 0),
(16, 168, 'masuk', 4, '2020-01-22 03:06:44', 23000, '', 0, '', '', '', '', 0, 0, 0, 0, 0, 0, '0000-00-00 00:00:00', '', 0),
(17, 1, 'masuk', 6, '2020-01-22 03:08:16', 57000, '', 0, '', '', '', '', 0, 0, 0, 0, 0, 0, '0000-00-00 00:00:00', '', 0),
(18, 215, 'masuk', 7, '2020-01-22 03:08:49', 7100, '', 0, '', '', '', '', 0, 0, 0, 0, 0, 0, '0000-00-00 00:00:00', '', 0),
(19, 8, 'masuk', 9, '2020-01-22 03:09:10', 87000, '', 0, '', '', '', '', 0, 0, 0, 0, 0, 0, '0000-00-00 00:00:00', '', 0),
(20, 8, 'masuk', 10, '2020-01-22 03:09:41', 100000, '', 0, '', '', '', '', 0, 0, 0, 0, 0, 0, '0000-00-00 00:00:00', '', 0),
(21, 110, 'masuk', 11, '2020-01-22 03:10:29', 30000, '', 0, '', '', '', '', 0, 0, 0, 0, 0, 0, '0000-00-00 00:00:00', '', 0),
(22, 163, 'masuk', 12, '2020-01-22 03:11:14', 15000, '', 0, '', '', '', '', 0, 0, 0, 0, 0, 0, '0000-00-00 00:00:00', '', 0),
(23, 37, 'masuk', 13, '2020-01-22 03:11:44', 15000, '', 0, '', '', '', '', 0, 0, 0, 0, 0, 0, '0000-00-00 00:00:00', '', 0),
(24, 63, 'masuk', 14, '2020-01-22 03:12:33', 15000, '', 0, '', '', '', '', 0, 0, 0, 0, 0, 0, '0000-00-00 00:00:00', '', 0),
(25, 18, 'masuk', 15, '2020-01-22 03:13:10', 30000, '', 0, '', '', '', '', 0, 0, 0, 0, 0, 0, '0000-00-00 00:00:00', '', 0),
(26, 29, 'masuk', 16, '2020-01-22 03:14:08', 32000, '', 0, '', '', '', '', 0, 0, 0, 0, 0, 0, '0000-00-00 00:00:00', '', 0),
(27, 1130, 'masuk', 17, '2020-01-22 03:14:44', 4000, '', 0, '', '', '', '', 0, 0, 0, 0, 0, 0, '0000-00-00 00:00:00', '', 0),
(28, 1770, 'masuk', 18, '2020-01-22 03:15:34', 24000, '', 0, '', '', '', '', 0, 0, 0, 0, 0, 0, '0000-00-00 00:00:00', '', 0),
(29, 258, 'masuk', 19, '2020-01-22 03:16:31', 3500, '', 0, '', '', '', '', 0, 0, 0, 0, 0, 0, '0000-00-00 00:00:00', '', 0),
(30, 8, 'masuk', 20, '2020-01-22 03:16:50', 130000, '', 0, '', '', '', '', 0, 0, 0, 0, 0, 0, '0000-00-00 00:00:00', '', 0),
(31, 10, 'masuk', 21, '2020-01-22 03:17:18', 210000, '', 0, '', '', '', '', 0, 0, 0, 0, 0, 0, '0000-00-00 00:00:00', '', 0),
(32, 14, 'masuk', 22, '2020-01-22 03:18:29', 14, '', 0, '', '', '', '', 0, 0, 0, 0, 0, 0, '0000-00-00 00:00:00', '', 0),
(33, 43, 'masuk', 23, '2020-01-22 03:18:48', 14000, '', 0, '', '', '', '', 0, 0, 0, 0, 0, 0, '0000-00-00 00:00:00', '', 0),
(34, 52, 'masuk', 24, '2020-01-22 03:19:06', 50000, '', 0, '', '', '', '', 0, 0, 0, 0, 0, 0, '0000-00-00 00:00:00', '', 0),
(35, 31, 'masuk', 25, '2020-01-22 03:45:18', 40000, '', 0, '', '', '', '', 0, 0, 0, 0, 0, 0, '0000-00-00 00:00:00', '', 0),
(36, 989, 'masuk', 26, '2020-01-22 03:45:41', 10000, '', 0, '', '', '', '', 0, 0, 0, 0, 0, 0, '0000-00-00 00:00:00', '', 0),
(37, 70, 'masuk', 27, '2020-01-22 03:46:10', 98000, '', 0, '', '', '', '', 0, 0, 0, 0, 0, 0, '0000-00-00 00:00:00', '', 0),
(38, 43, 'masuk', 28, '2020-01-22 03:46:29', 98000, '', 0, '', '', '', '', 0, 0, 0, 0, 0, 0, '0000-00-00 00:00:00', '', 0),
(39, 5, 'masuk', 29, '2020-01-22 03:46:48', 98000, '', 0, '', '', '', '', 0, 0, 0, 0, 0, 0, '0000-00-00 00:00:00', '', 0),
(40, 40, 'masuk', 30, '2020-01-22 03:47:21', 98000, '', 0, '', '', '', '', 0, 0, 0, 0, 0, 0, '0000-00-00 00:00:00', '', 0),
(41, 89, 'masuk', 31, '2020-01-22 03:47:45', 142000, '', 0, '', '', '', '', 0, 0, 0, 0, 0, 0, '0000-00-00 00:00:00', '', 0),
(42, 413, 'masuk', 32, '2020-01-22 03:48:11', 28500, '', 0, '', '', '', '', 0, 0, 0, 0, 0, 0, '0000-00-00 00:00:00', '', 0),
(43, 19, 'masuk', 33, '2020-01-22 03:48:26', 45000, '', 0, '', '', '', '', 0, 0, 0, 0, 0, 0, '0000-00-00 00:00:00', '', 0),
(44, 52, 'masuk', 34, '2020-01-22 03:48:44', 25000, '', 0, '', '', '', '', 0, 0, 0, 0, 0, 0, '0000-00-00 00:00:00', '', 0),
(45, 579, 'masuk', 35, '2020-01-22 03:49:00', 16000, '', 0, '', '', '', '', 0, 0, 0, 0, 0, 0, '0000-00-00 00:00:00', '', 0),
(46, 59, 'masuk', 36, '2020-01-22 03:49:17', 9000, '', 0, '', '', '', '', 0, 0, 0, 0, 0, 0, '0000-00-00 00:00:00', '', 0),
(47, 60, 'masuk', 37, '2020-01-22 03:49:39', 90000, '', 0, '', '', '', '', 0, 0, 0, 0, 0, 0, '0000-00-00 00:00:00', '', 0),
(48, 60, 'masuk', 38, '2020-01-22 03:50:12', 20000, '', 0, '', '', '', '', 0, 0, 0, 0, 0, 0, '0000-00-00 00:00:00', '', 0),
(49, 64, 'masuk', 39, '2020-01-22 03:50:30', 7000, '', 0, '', '', '', '', 0, 0, 0, 0, 0, 0, '0000-00-00 00:00:00', '', 0),
(50, 14000, 'masuk', 40, '2020-01-22 03:50:47', 11000, '', 0, '', '', '', '', 0, 0, 0, 0, 0, 0, '0000-00-00 00:00:00', '', 0),
(51, 49, 'masuk', 41, '2020-01-22 03:53:07', 8000, '', 0, '', '', '', '', 0, 0, 0, 0, 0, 0, '0000-00-00 00:00:00', '', 0),
(52, 118, 'masuk', 42, '2020-01-22 03:53:38', 20000, '', 0, '', '', '', '', 0, 0, 0, 0, 0, 0, '0000-00-00 00:00:00', '', 0),
(53, 43, 'masuk', 43, '2020-01-22 03:53:56', 25000, '', 0, '', '', '', '', 0, 0, 0, 0, 0, 0, '0000-00-00 00:00:00', '', 0),
(54, 38, 'masuk', 44, '2020-01-22 03:54:48', 13500, '', 0, '', '', '', '', 0, 0, 0, 0, 0, 0, '0000-00-00 00:00:00', '', 0),
(55, 1, 'masuk', 45, '2020-01-22 03:56:38', 24000, '', 0, '', '', '', '', 0, 0, 0, 0, 0, 0, '0000-00-00 00:00:00', '', 0),
(56, 134, 'masuk', 46, '2020-01-22 03:58:11', 15000, '', 0, '', '', '', '', 0, 0, 0, 0, 0, 0, '0000-00-00 00:00:00', '', 0),
(57, 7, 'masuk', 47, '2020-01-22 03:58:33', 180000, '', 0, '', '', '', '', 0, 0, 0, 0, 0, 0, '0000-00-00 00:00:00', '', 0),
(58, 4, 'masuk', 48, '2020-01-22 03:58:52', 70000, '', 0, '', '', '', '', 0, 0, 0, 0, 0, 0, '0000-00-00 00:00:00', '', 0),
(59, 74, 'masuk', 49, '2020-01-22 03:59:21', 32500, '', 0, '', '', '', '', 0, 0, 0, 0, 0, 0, '0000-00-00 00:00:00', '', 0),
(60, 20, 'masuk', 50, '2020-01-22 03:59:40', 45000, '', 0, '', '', '', '', 0, 0, 0, 0, 0, 0, '0000-00-00 00:00:00', '', 0),
(61, 27, 'masuk', 51, '2020-01-22 03:59:59', 36000, '', 0, '', '', '', '', 0, 0, 0, 0, 0, 0, '0000-00-00 00:00:00', '', 0),
(62, 277, 'masuk', 52, '2020-01-22 04:00:19', 25000, '', 0, '', '', '', '', 0, 0, 0, 0, 0, 0, '0000-00-00 00:00:00', '', 0),
(63, 16, 'masuk', 53, '2020-01-22 04:00:47', 170000, '', 0, '', '', '', '', 0, 0, 0, 0, 0, 0, '0000-00-00 00:00:00', '', 0),
(64, 67, 'masuk', 54, '2020-01-22 04:01:06', 35000, '', 0, '', '', '', '', 0, 0, 0, 0, 0, 0, '0000-00-00 00:00:00', '', 0),
(65, 14, 'masuk', 55, '2020-01-22 04:01:23', 45000, '', 0, '', '', '', '', 0, 0, 0, 0, 0, 0, '0000-00-00 00:00:00', '', 0),
(66, 9, 'masuk', 56, '2020-01-22 04:01:42', 180000, '', 0, '', '', '', '', 0, 0, 0, 0, 0, 0, '0000-00-00 00:00:00', '', 0),
(67, 970, 'masuk', 57, '2020-01-22 04:02:07', 4000, '', 0, '', '', '', '', 0, 0, 0, 0, 0, 0, '0000-00-00 00:00:00', '', 0),
(68, 47, 'masuk', 58, '2020-01-22 04:02:24', 30000, '', 0, '', '', '', '', 0, 0, 0, 0, 0, 0, '0000-00-00 00:00:00', '', 0),
(69, 171, 'masuk', 59, '2020-01-22 04:02:41', 11000, '', 0, '', '', '', '', 0, 0, 0, 0, 0, 0, '0000-00-00 00:00:00', '', 0),
(70, 2, 'masuk', 60, '2020-01-22 04:03:26', 55000, '', 0, '', '', '', '', 0, 0, 0, 0, 0, 0, '0000-00-00 00:00:00', '', 0),
(71, 7, 'masuk', 61, '2020-01-22 04:03:42', 55000, '', 0, '', '', '', '', 0, 0, 0, 0, 0, 0, '0000-00-00 00:00:00', '', 0),
(72, 72, 'masuk', 62, '2020-01-22 04:04:15', 31000, '', 0, '', '', '', '', 0, 0, 0, 0, 0, 0, '0000-00-00 00:00:00', '', 0),
(73, 48, 'masuk', 63, '2020-01-22 04:04:37', 75000, '', 0, '', '', '', '', 0, 0, 0, 0, 0, 0, '0000-00-00 00:00:00', '', 0),
(74, 24, 'masuk', 64, '2020-01-22 04:05:15', 32000, '', 0, '', '', '', '', 0, 0, 0, 0, 0, 0, '0000-00-00 00:00:00', '', 0),
(75, 286, 'masuk', 65, '2020-01-22 04:05:33', 10000, '', 0, '', '', '', '', 0, 0, 0, 0, 0, 0, '0000-00-00 00:00:00', '', 0),
(76, 45, 'masuk', 66, '2020-01-22 04:07:50', 87000, '', 0, '', '', '', '', 0, 0, 0, 0, 0, 0, '0000-00-00 00:00:00', '', 0),
(77, 3, 'masuk', 67, '2020-01-22 04:08:12', 105000, '', 0, '', '', '', '', 0, 0, 0, 0, 0, 0, '0000-00-00 00:00:00', '', 0),
(78, 25, 'masuk', 68, '2020-01-22 04:08:32', 15000, '', 0, '', '', '', '', 0, 0, 0, 0, 0, 0, '0000-00-00 00:00:00', '', 0),
(79, 409, 'masuk', 69, '2020-01-22 04:09:34', 28000, '', 0, '', '', '', '', 0, 0, 0, 0, 0, 0, '0000-00-00 00:00:00', '', 0),
(80, 20, 'masuk', 69, '2020-01-22 04:10:43', 28000, '', 0, '', '', '', '', 0, 0, 0, 0, 0, 0, '0000-00-00 00:00:00', '', 0),
(81, 3, 'masuk', 71, '2020-01-22 04:11:04', 90000, '', 0, '', '', '', '', 0, 0, 0, 0, 0, 0, '0000-00-00 00:00:00', '', 0),
(82, 2, 'masuk', 73, '2020-01-22 04:12:32', 50000, '', 0, '', '', '', '', 0, 0, 0, 0, 0, 0, '0000-00-00 00:00:00', '', 0),
(83, 30, 'masuk', 74, '2020-01-22 04:12:52', 30000, '', 0, '', '', '', '', 0, 0, 0, 0, 0, 0, '0000-00-00 00:00:00', '', 0),
(84, 29, 'masuk', 75, '2020-01-22 04:18:34', 55000, '', 0, '', '', '', '', 0, 0, 0, 0, 0, 0, '0000-00-00 00:00:00', '', 0),
(85, 22, 'masuk', 76, '2020-01-22 04:19:20', 36000, '', 0, '', '', '', '', 0, 0, 0, 0, 0, 0, '0000-00-00 00:00:00', '', 0),
(86, 6, 'masuk', 77, '2020-01-22 04:23:40', 36000, '', 0, '', '', '', '', 0, 0, 0, 0, 0, 0, '0000-00-00 00:00:00', '', 0),
(87, 75, 'masuk', 78, '2020-01-22 04:25:46', 25000, '', 0, '', '', '', '', 0, 0, 0, 0, 0, 0, '0000-00-00 00:00:00', '', 0),
(88, 40, 'masuk', 79, '2020-01-22 04:26:05', 55000, '', 0, '', '', '', '', 0, 0, 0, 0, 0, 0, '0000-00-00 00:00:00', '', 0),
(89, 72, 'masuk', 80, '2020-01-22 04:26:32', 51000, '', 0, '', '', '', '', 0, 0, 0, 0, 0, 0, '0000-00-00 00:00:00', '', 0),
(90, 72, 'masuk', 80, '2020-01-22 04:26:48', 51000, '', 0, '', '', '', '', 0, 0, 0, 0, 0, 0, '0000-00-00 00:00:00', '', 0),
(91, 31, 'masuk', 81, '2020-01-22 04:27:20', 48000, '', 0, '', '', '', '', 0, 0, 0, 0, 0, 0, '0000-00-00 00:00:00', '', 0),
(92, 478, 'masuk', 82, '2020-01-22 04:28:40', 14500, '', 0, '', '', '', '', 0, 0, 0, 0, 0, 0, '0000-00-00 00:00:00', '', 0),
(93, 1025, 'masuk', 83, '2020-01-22 04:29:01', 10000, '', 0, '', '', '', '', 0, 0, 0, 0, 0, 0, '0000-00-00 00:00:00', '', 0),
(94, 30, 'masuk', 84, '2020-01-22 04:30:00', 90000, '', 0, '', '', '', '', 0, 0, 0, 0, 0, 0, '0000-00-00 00:00:00', '', 0),
(95, 1151, 'masuk', 85, '2020-01-22 04:30:44', 24000, '', 0, '', '', '', '', 0, 0, 0, 0, 0, 0, '0000-00-00 00:00:00', '', 0),
(96, 164, 'masuk', 86, '2020-01-22 04:31:27', 22000, '', 0, '', '', '', '', 0, 0, 0, 0, 0, 0, '0000-00-00 00:00:00', '', 0),
(97, 30, 'masuk', 87, '2020-01-22 04:37:00', 230000, '', 0, '', '', '', '', 0, 0, 0, 0, 0, 0, '0000-00-00 00:00:00', '', 0),
(98, 389, 'masuk', 88, '2020-01-22 04:37:30', 25000, '', 0, '', '', '', '', 0, 0, 0, 0, 0, 0, '0000-00-00 00:00:00', '', 0),
(99, 30, 'masuk', 89, '2020-01-22 04:38:02', 75000, '', 0, '', '', '', '', 0, 0, 0, 0, 0, 0, '0000-00-00 00:00:00', '', 0),
(100, 18, 'masuk', 90, '2020-01-22 04:38:21', 25000, '', 0, '', '', '', '', 0, 0, 0, 0, 0, 0, '0000-00-00 00:00:00', '', 0),
(101, 1445, 'masuk', 91, '2020-01-22 04:39:30', 1500, '', 0, '', '', '', '', 0, 0, 0, 0, 0, 0, '0000-00-00 00:00:00', '', 0),
(102, 87, 'masuk', 92, '2020-01-22 04:40:03', 5000, '', 0, '', '', '', '', 0, 0, 0, 0, 0, 0, '0000-00-00 00:00:00', '', 0),
(103, 70, 'masuk', 93, '2020-01-22 04:41:39', 20000, '', 0, '', '', '', '', 0, 0, 0, 0, 0, 0, '0000-00-00 00:00:00', '', 0),
(104, 92, 'masuk', 94, '2020-01-22 04:44:24', 22000, '', 0, '', '', '', '', 0, 0, 0, 0, 0, 0, '0000-00-00 00:00:00', '', 0),
(105, 6, 'masuk', 95, '2020-01-22 04:44:54', 30000, '', 0, '', '', '', '', 0, 0, 0, 0, 0, 0, '0000-00-00 00:00:00', '', 0),
(106, 159, 'masuk', 96, '2020-01-22 04:47:41', 17000, '', 0, '', '', '', '', 0, 0, 0, 0, 0, 0, '0000-00-00 00:00:00', '', 0),
(107, 69, 'masuk', 97, '2020-01-22 04:47:57', 7000, '', 0, '', '', '', '', 0, 0, 0, 0, 0, 0, '0000-00-00 00:00:00', '', 0),
(108, 34, 'masuk', 98, '2020-01-22 04:48:24', 55000, '', 0, '', '', '', '', 0, 0, 0, 0, 0, 0, '0000-00-00 00:00:00', '', 0),
(109, 47, 'masuk', 99, '2020-01-22 04:50:31', 20000, '', 0, '', '', '', '', 0, 0, 0, 0, 0, 0, '0000-00-00 00:00:00', '', 0),
(110, 23, 'masuk', 100, '2020-01-22 04:50:52', 27000, '', 0, '', '', '', '', 0, 0, 0, 0, 0, 0, '0000-00-00 00:00:00', '', 0),
(111, 23, 'masuk', 100, '2020-01-22 04:51:18', 27000, '', 0, '', '', '', '', 0, 0, 0, 0, 0, 0, '0000-00-00 00:00:00', '', 0),
(112, 40, 'masuk', 101, '2020-01-22 04:53:02', 30000, '', 0, '', '', '', '', 0, 0, 0, 0, 0, 0, '0000-00-00 00:00:00', '', 0),
(113, 7, 'masuk', 102, '2020-01-22 04:53:23', 80000, '', 0, '', '', '', '', 0, 0, 0, 0, 0, 0, '0000-00-00 00:00:00', '', 0),
(114, 30, 'masuk', 103, '2020-01-22 04:53:41', 21000, '', 0, '', '', '', '', 0, 0, 0, 0, 0, 0, '0000-00-00 00:00:00', '', 0),
(115, 19, 'masuk', 105, '2020-01-22 04:54:35', 55000, '', 0, '', '', '', '', 0, 0, 0, 0, 0, 0, '0000-00-00 00:00:00', '', 0),
(116, 136, 'masuk', 106, '2020-01-22 04:54:50', 8000, '', 0, '', '', '', '', 0, 0, 0, 0, 0, 0, '0000-00-00 00:00:00', '', 0),
(117, 13, 'masuk', 107, '2020-01-22 04:55:18', 60000, '', 0, '', '', '', '', 0, 0, 0, 0, 0, 0, '0000-00-00 00:00:00', '', 0),
(118, 776, 'masuk', 108, '2020-01-22 04:56:58', 31000, '', 0, '', '', '', '', 0, 0, 0, 0, 0, 0, '0000-00-00 00:00:00', '', 0),
(119, 49, 'masuk', 109, '2020-01-22 04:57:24', 21500, '', 0, '', '', '', '', 0, 0, 0, 0, 0, 0, '0000-00-00 00:00:00', '', 0),
(120, 44, 'masuk', 110, '2020-01-22 04:57:50', 29500, '', 0, '', '', '', '', 0, 0, 0, 0, 0, 0, '0000-00-00 00:00:00', '', 0),
(121, 495, 'masuk', 112, '2020-01-22 04:58:14', 35000, '', 0, '', '', '', '', 0, 0, 0, 0, 0, 0, '0000-00-00 00:00:00', '', 0),
(122, 200, 'masuk', 113, '2020-01-22 05:01:00', 50000, '', 0, '', '', '', '', 0, 0, 0, 0, 0, 0, '0000-00-00 00:00:00', '', 0),
(123, 240, 'masuk', 64, '2020-01-22 05:02:05', 32000, '', 0, '', '', '', '', 0, 0, 0, 0, 0, 0, '0000-00-00 00:00:00', '', 0),
(124, 96, 'masuk', 64, '2020-01-22 05:02:49', 32000, '', 0, '', '', '', '', 0, 0, 0, 0, 0, 0, '0000-00-00 00:00:00', '', 0),
(125, 3870, 'masuk', 108, '2020-01-22 05:03:23', 31000, '', 0, '', '', '', '', 0, 0, 0, 0, 0, 0, '0000-00-00 00:00:00', '', 0),
(126, 300, 'masuk', 6, '2020-01-22 05:03:54', 57000, '', 0, '', '', '', '', 0, 0, 0, 0, 0, 0, '0000-00-00 00:00:00', '', 0),
(127, 300, 'masuk', 6, '2020-01-22 05:04:17', 57000, '', 0, '', '', '', '', 0, 0, 0, 0, 0, 0, '0000-00-00 00:00:00', '', 0),
(128, 72, 'masuk', 9, '2020-01-22 05:04:51', 87000, '', 0, '', '', '', '', 0, 0, 0, 0, 0, 0, '0000-00-00 00:00:00', '', 0),
(129, 1200, 'masuk', 97, '2020-01-22 05:05:48', 7000, '', 0, '', '', '', '', 0, 0, 0, 0, 0, 0, '0000-00-00 00:00:00', '', 0),
(226, 124, 'masuk', 104, '2020-01-22 09:33:29', 8000, '', 0, '', '', '', '', 0, 0, 0, 0, 0, 0, '0000-00-00 00:00:00', '', 0),
(298, 880, 'masuk', 114, '2020-01-23 03:31:27', 15000, '', 0, '', '', '', '', 0, 0, 0, 0, 0, 0, '0000-00-00 00:00:00', '', 0),
(302, 1, 'keluar', 40, '2020-01-25 12:07:18', 11000, '200125190523', 1, '-', '-', '-', 'retail', 14000, 0, 100000, 14000, 1, 20, '2020-01-25 19:05:23', 'ok', 0),
(303, 2, 'keluar', 18, '2020-01-25 12:07:18', 24000, '200125190523', 1, '-', '-', '-', 'retail', 28000, 0, 100000, 56000, 2, 20, '2020-01-25 19:05:23', 'ok', 0),
(304, 1, 'keluar', 91, '2020-01-25 12:16:05', 1500, '200125191524', 1, '-', '-', '-', 'retail', 3000, 1000, 50000, 3000, 1, 20, '2020-01-25 19:15:24', '', 1500),
(305, 2, 'keluar', 40, '2020-01-25 12:16:05', 11000, '200125191524', 1, '-', '-', '-', 'retail', 14000, 1000, 50000, 28000, 2, 20, '2020-01-25 19:15:24', '', 22000),
(306, 5, 'keluar', 40, '2020-01-26 05:55:14', 11000, '200126124948', 1, 'nn', '12', 'aa', 'retail', 14000, 6000, 100000, 70000, 5, 20, '2020-01-26 12:49:48', 'oke', 55000),
(307, 2, 'keluar', 14, '2020-01-26 05:55:14', 15000, '200126124948', 1, 'nn', '12', 'aa', 'retail', 18000, 6000, 100000, 36000, 2, 20, '2020-01-26 12:49:48', 'oke', 30000),
(308, 1, 'keluar', 108, '2020-01-26 05:58:13', 31000, '200126125514', 1, '-', 'a', 'b', 'retail', 35000, 1000, 65000, 35000, 1, 30, '2020-01-26 12:55:14', '', 31000),
(309, 2, 'keluar', 40, '2020-01-26 05:58:13', 11000, '200126125514', 1, '-', 'a', 'b', 'retail', 14000, 1000, 65000, 28000, 2, 20, '2020-01-26 12:55:14', '', 22000),
(310, 3, 'keluar', 83, '2020-01-26 07:01:20', 10000, '200126132237', 1, 'bb', '99', 'ab', 'retail', 11000, 3000, 60000, 33000, 3, 20, '2020-01-26 13:22:37', '', 30000),
(311, 2, 'keluar', 40, '2020-01-26 07:01:20', 11000, '200126132237', 1, 'bb', '99', 'ab', 'retail', 14000, 3000, 60000, 28000, 2, 20, '2020-01-26 13:22:37', '', 22000);

-- --------------------------------------------------------

--
-- Table structure for table `tbl_group_transaksi`
--

CREATE TABLE `tbl_group_transaksi` (
  `id` int(11) NOT NULL,
  `nama` varchar(222) NOT NULL,
  `jenis` enum('masuk','keluar') NOT NULL,
  `urutan` int(11) NOT NULL
) ENGINE=InnoDB DEFAULT CHARSET=latin1;

--
-- Dumping data for table `tbl_group_transaksi`
--

INSERT INTO `tbl_group_transaksi` (`id`, `nama`, `jenis`, `urutan`) VALUES
(1, 'Pembelian Barang', 'keluar', 2),
(4, 'Pengeluaran Bulanan', 'keluar', 10),
(5, 'Kas Awal/Modal', 'masuk', 1),
(6, 'Return Barang', 'keluar', 5),
(8, 'Penjualan Barang', 'masuk', 6),
(9, 'Diskon', 'keluar', 7),
(11, 'Penarikan Kas Oleh Owner', 'keluar', 11),
(12, 'Koreksi', 'masuk', 12);

-- --------------------------------------------------------

--
-- Table structure for table `tbl_pengeluaran_bulanan`
--

CREATE TABLE `tbl_pengeluaran_bulanan` (
  `id` int(11) NOT NULL,
  `nama_pengeluaran` varchar(222) NOT NULL,
  `tgl_update` timestamp NOT NULL DEFAULT CURRENT_TIMESTAMP ON UPDATE CURRENT_TIMESTAMP
) ENGINE=InnoDB DEFAULT CHARSET=latin1;

--
-- Dumping data for table `tbl_pengeluaran_bulanan`
--

INSERT INTO `tbl_pengeluaran_bulanan` (`id`, `nama_pengeluaran`, `tgl_update`) VALUES
(1, 'Gaji karyawan', '2019-02-10 22:17:18'),
(2, 'Air', '2019-02-10 22:17:24'),
(3, 'Listrik', '2019-02-10 22:17:34'),
(4, 'Pengeluaran lainnya', '2019-02-10 22:17:58');

-- --------------------------------------------------------

--
-- Table structure for table `tbl_pengeluaran_bulanan_transaksi`
--

CREATE TABLE `tbl_pengeluaran_bulanan_transaksi` (
  `id` int(11) NOT NULL,
  `jumlah` double NOT NULL,
  `tgl_update` timestamp NOT NULL DEFAULT CURRENT_TIMESTAMP ON UPDATE CURRENT_TIMESTAMP,
  `nama_pengeluaran` varchar(222) NOT NULL,
  `keterangan` text NOT NULL
) ENGINE=InnoDB DEFAULT CHARSET=latin1;

--
-- Dumping data for table `tbl_pengeluaran_bulanan_transaksi`
--

INSERT INTO `tbl_pengeluaran_bulanan_transaksi` (`id`, `jumlah`, `tgl_update`, `nama_pengeluaran`, `keterangan`) VALUES
(3, 10000, '2020-01-26 08:07:42', 'Air', 'Bayar air');

-- --------------------------------------------------------

--
-- Table structure for table `tbl_pengeluaran_transaksi`
--

CREATE TABLE `tbl_pengeluaran_transaksi` (
  `id` int(11) NOT NULL,
  `id_paket` int(11) NOT NULL,
  `jumlah` double NOT NULL,
  `tgl_update` timestamp NOT NULL DEFAULT CURRENT_TIMESTAMP ON UPDATE CURRENT_TIMESTAMP,
  `nama_pengeluaran` varchar(222) NOT NULL,
  `keterangan` text NOT NULL
) ENGINE=InnoDB DEFAULT CHARSET=latin1;

-- --------------------------------------------------------

--
-- Table structure for table `tbl_transaksi`
--

CREATE TABLE `tbl_transaksi` (
  `id` int(11) NOT NULL,
  `id_group` char(50) NOT NULL,
  `id_referensi` char(50) NOT NULL COMMENT 'id_group/id_table',
  `keterangan` text NOT NULL,
  `tgl_update` timestamp NOT NULL DEFAULT CURRENT_TIMESTAMP ON UPDATE CURRENT_TIMESTAMP,
  `jumlah` double NOT NULL,
  `id_barang` int(11) NOT NULL,
  `harga_beli` double NOT NULL,
  `diskon` double NOT NULL
) ENGINE=InnoDB DEFAULT CHARSET=latin1;

--
-- Dumping data for table `tbl_transaksi`
--

INSERT INTO `tbl_transaksi` (`id`, `id_group`, `id_referensi`, `keterangan`, `tgl_update`, `jumlah`, `id_barang`, `harga_beli`, `diskon`) VALUES
(10, '5', '', 'modal awal', '2020-01-21 07:20:28', 10000000, 0, 0, 0),
(11, '1', '10', 'Barang masuk id[2] qty=[156], harga[15000]', '2020-01-21 07:21:11', 2340000, 2, 0, 0),
(12, '1', '11', 'Barang masuk id[5] qty=[42], harga[49000]', '2020-01-21 07:28:02', 2058000, 5, 0, 0),
(13, '6', '5', 'Kpd: [testing] nama barang: [ALAT POTONG SET] id_barang:[5] Jumlah:[1]  -testing aja ini', '2020-01-21 14:04:01', 0, 0, 0, 0),
(14, '6', '2', 'Kpd: [coba] nama barang: [ALAT PENGASAH PISAU] id_barang:[2] Jumlah:[1]  -uji coba', '2020-01-21 14:05:45', 100, 0, 0, 0),
(16, '1', '13', 'Barang masuk id[8] qty=[63], harga[7100]', '2020-01-22 02:45:37', 447300, 8, 0, 0),
(17, '5', '', 'penambahan modal II', '2020-01-22 02:57:32', 490000000, 0, 0, 0),
(18, '1', '14', 'Barang masuk id[1] qty=[35], harga[52000]', '2020-01-22 03:03:13', 1820000, 1, 0, 0),
(19, '1', '15', 'Barang masuk id[3] qty=[31], harga[35000]', '2020-01-22 03:06:25', 1085000, 3, 0, 0),
(20, '1', '16', 'Barang masuk id[4] qty=[168], harga[23000]', '2020-01-22 03:06:44', 3864000, 4, 0, 0),
(21, '1', '17', 'Barang masuk id[6] qty=[1], harga[57000]', '2020-01-22 03:08:16', 57000, 6, 0, 0),
(22, '1', '18', 'Barang masuk id[7] qty=[215], harga[7100]', '2020-01-22 03:08:49', 1526500, 7, 0, 0),
(23, '1', '19', 'Barang masuk id[9] qty=[8], harga[87000]', '2020-01-22 03:09:10', 696000, 9, 0, 0),
(24, '1', '20', 'Barang masuk id[10] qty=[8], harga[100000]', '2020-01-22 03:09:41', 800000, 10, 0, 0),
(25, '1', '21', 'Barang masuk id[11] qty=[110], harga[30000]', '2020-01-22 03:10:29', 3300000, 11, 0, 0),
(26, '1', '22', 'Barang masuk id[12] qty=[163], harga[15000]', '2020-01-22 03:11:14', 2445000, 12, 0, 0),
(27, '1', '23', 'Barang masuk id[13] qty=[37], harga[15000]', '2020-01-22 03:11:44', 555000, 13, 0, 0),
(28, '1', '24', 'Barang masuk id[14] qty=[63], harga[15000]', '2020-01-22 03:12:33', 945000, 14, 0, 0),
(29, '1', '25', 'Barang masuk id[15] qty=[18], harga[30000]', '2020-01-22 03:13:10', 540000, 15, 0, 0),
(30, '1', '26', 'Barang masuk id[16] qty=[29], harga[32000]', '2020-01-22 03:14:08', 928000, 16, 0, 0),
(31, '1', '27', 'Barang masuk id[17] qty=[1130], harga[4000]', '2020-01-22 03:14:44', 4520000, 17, 0, 0),
(32, '1', '28', 'Barang masuk id[18] qty=[1770], harga[24000]', '2020-01-22 03:15:34', 42480000, 18, 0, 0),
(33, '1', '29', 'Barang masuk id[19] qty=[258], harga[3500]', '2020-01-22 03:16:31', 903000, 19, 0, 0),
(34, '1', '30', 'Barang masuk id[20] qty=[8], harga[130000]', '2020-01-22 03:16:50', 1040000, 20, 0, 0),
(35, '1', '31', 'Barang masuk id[21] qty=[10], harga[210000]', '2020-01-22 03:17:18', 2100000, 21, 0, 0),
(36, '1', '32', 'Barang masuk id[22] qty=[14], harga[14]', '2020-01-22 03:18:29', 196, 22, 0, 0),
(37, '1', '33', 'Barang masuk id[23] qty=[43], harga[14000]', '2020-01-22 03:18:48', 602000, 23, 0, 0),
(38, '1', '34', 'Barang masuk id[24] qty=[52], harga[50000]', '2020-01-22 03:19:06', 2600000, 24, 0, 0),
(39, '1', '35', 'Barang masuk id[25] qty=[31], harga[40000]', '2020-01-22 03:45:18', 1240000, 25, 0, 0),
(40, '1', '36', 'Barang masuk id[26] qty=[989], harga[10000]', '2020-01-22 03:45:41', 9890000, 26, 0, 0),
(41, '1', '37', 'Barang masuk id[27] qty=[70], harga[98000]', '2020-01-22 03:46:10', 6860000, 27, 0, 0),
(42, '1', '38', 'Barang masuk id[28] qty=[43], harga[98000]', '2020-01-22 03:46:29', 4214000, 28, 0, 0),
(43, '1', '39', 'Barang masuk id[29] qty=[5], harga[98000]', '2020-01-22 03:46:48', 490000, 29, 0, 0),
(44, '1', '40', 'Barang masuk id[30] qty=[40], harga[98000]', '2020-01-22 03:47:21', 3920000, 30, 0, 0),
(45, '1', '41', 'Barang masuk id[31] qty=[89], harga[142000]', '2020-01-22 03:47:45', 12638000, 31, 0, 0),
(46, '1', '42', 'Barang masuk id[32] qty=[413], harga[28500]', '2020-01-22 03:48:11', 11770500, 32, 0, 0),
(47, '1', '43', 'Barang masuk id[33] qty=[19], harga[45000]', '2020-01-22 03:48:26', 855000, 33, 0, 0),
(48, '1', '44', 'Barang masuk id[34] qty=[52], harga[25000]', '2020-01-22 03:48:44', 1300000, 34, 0, 0),
(49, '1', '45', 'Barang masuk id[35] qty=[579], harga[16000]', '2020-01-22 03:49:00', 9264000, 35, 0, 0),
(50, '1', '46', 'Barang masuk id[36] qty=[59], harga[9000]', '2020-01-22 03:49:17', 531000, 36, 0, 0),
(51, '1', '47', 'Barang masuk id[37] qty=[60], harga[90000]', '2020-01-22 03:49:39', 5400000, 37, 0, 0),
(52, '1', '48', 'Barang masuk id[38] qty=[60], harga[20000]', '2020-01-22 03:50:12', 1200000, 38, 0, 0),
(53, '1', '49', 'Barang masuk id[39] qty=[64], harga[7000]', '2020-01-22 03:50:30', 448000, 39, 0, 0),
(54, '1', '50', 'Barang masuk id[40] qty=[14000], harga[11000]', '2020-01-22 03:50:47', 154000000, 40, 0, 0),
(55, '1', '51', 'Barang masuk id[41] qty=[49], harga[8000]', '2020-01-22 03:53:07', 392000, 41, 0, 0),
(56, '1', '52', 'Barang masuk id[42] qty=[118], harga[20000]', '2020-01-22 03:53:38', 2360000, 42, 0, 0),
(57, '1', '53', 'Barang masuk id[43] qty=[43], harga[25000]', '2020-01-22 03:53:56', 1075000, 43, 0, 0),
(58, '1', '54', 'Barang masuk id[44] qty=[38], harga[13500]', '2020-01-22 03:54:48', 513000, 44, 0, 0),
(59, '1', '55', 'Barang masuk id[45] qty=[1], harga[24000]', '2020-01-22 03:56:38', 24000, 45, 0, 0),
(60, '1', '56', 'Barang masuk id[46] qty=[134], harga[15000]', '2020-01-22 03:58:11', 2010000, 46, 0, 0),
(61, '1', '57', 'Barang masuk id[47] qty=[7], harga[180000]', '2020-01-22 03:58:33', 1260000, 47, 0, 0),
(62, '1', '58', 'Barang masuk id[48] qty=[4], harga[70000]', '2020-01-22 03:58:52', 280000, 48, 0, 0),
(63, '1', '59', 'Barang masuk id[49] qty=[74], harga[32500]', '2020-01-22 03:59:21', 2405000, 49, 0, 0),
(64, '1', '60', 'Barang masuk id[50] qty=[20], harga[45000]', '2020-01-22 03:59:40', 900000, 50, 0, 0),
(65, '1', '61', 'Barang masuk id[51] qty=[27], harga[36000]', '2020-01-22 03:59:59', 972000, 51, 0, 0),
(66, '1', '62', 'Barang masuk id[52] qty=[277], harga[25000]', '2020-01-22 04:00:19', 6925000, 52, 0, 0),
(67, '1', '63', 'Barang masuk id[53] qty=[16], harga[170000]', '2020-01-22 04:00:47', 2720000, 53, 0, 0),
(68, '1', '64', 'Barang masuk id[54] qty=[67], harga[35000]', '2020-01-22 04:01:06', 2345000, 54, 0, 0),
(69, '1', '65', 'Barang masuk id[55] qty=[14], harga[45000]', '2020-01-22 04:01:23', 630000, 55, 0, 0),
(70, '1', '66', 'Barang masuk id[56] qty=[9], harga[180000]', '2020-01-22 04:01:42', 1620000, 56, 0, 0),
(71, '1', '67', 'Barang masuk id[57] qty=[970], harga[4000]', '2020-01-22 04:02:07', 3880000, 57, 0, 0),
(72, '1', '68', 'Barang masuk id[58] qty=[47], harga[30000]', '2020-01-22 04:02:24', 1410000, 58, 0, 0),
(73, '1', '69', 'Barang masuk id[59] qty=[171], harga[11000]', '2020-01-22 04:02:41', 1881000, 59, 0, 0),
(74, '1', '70', 'Barang masuk id[60] qty=[2], harga[55000]', '2020-01-22 04:03:26', 110000, 60, 0, 0),
(75, '1', '71', 'Barang masuk id[61] qty=[7], harga[55000]', '2020-01-22 04:03:42', 385000, 61, 0, 0),
(76, '1', '72', 'Barang masuk id[62] qty=[72], harga[31000]', '2020-01-22 04:04:15', 2232000, 62, 0, 0),
(77, '1', '73', 'Barang masuk id[63] qty=[48], harga[75000]', '2020-01-22 04:04:37', 3600000, 63, 0, 0),
(78, '1', '74', 'Barang masuk id[64] qty=[24], harga[32000]', '2020-01-22 04:05:15', 768000, 64, 0, 0),
(79, '1', '75', 'Barang masuk id[65] qty=[286], harga[10000]', '2020-01-22 04:05:33', 2860000, 65, 0, 0),
(80, '1', '76', 'Barang masuk id[66] qty=[45], harga[87000]', '2020-01-22 04:07:50', 3915000, 66, 0, 0),
(81, '1', '77', 'Barang masuk id[67] qty=[3], harga[105000]', '2020-01-22 04:08:12', 315000, 67, 0, 0),
(82, '1', '78', 'Barang masuk id[68] qty=[25], harga[15000]', '2020-01-22 04:08:33', 375000, 68, 0, 0),
(83, '1', '79', 'Barang masuk id[69] qty=[409], harga[28000]', '2020-01-22 04:09:34', 11452000, 69, 0, 0),
(84, '1', '80', 'Barang masuk id[69] qty=[20], harga[28000]', '2020-01-22 04:10:43', 560000, 69, 0, 0),
(85, '1', '81', 'Barang masuk id[71] qty=[3], harga[90000]', '2020-01-22 04:11:04', 270000, 71, 0, 0),
(86, '1', '82', 'Barang masuk id[73] qty=[2], harga[50000]', '2020-01-22 04:12:32', 100000, 73, 0, 0),
(87, '1', '83', 'Barang masuk id[74] qty=[30], harga[30000]', '2020-01-22 04:12:52', 900000, 74, 0, 0),
(88, '1', '84', 'Barang masuk id[75] qty=[29], harga[55000]', '2020-01-22 04:18:34', 1595000, 75, 0, 0),
(89, '1', '85', 'Barang masuk id[76] qty=[22], harga[36000]', '2020-01-22 04:19:20', 792000, 76, 0, 0),
(90, '1', '86', 'Barang masuk id[77] qty=[6], harga[36000]', '2020-01-22 04:23:40', 216000, 77, 0, 0),
(91, '1', '87', 'Barang masuk id[78] qty=[75], harga[25000]', '2020-01-22 04:25:46', 1875000, 78, 0, 0),
(92, '1', '88', 'Barang masuk id[79] qty=[40], harga[55000]', '2020-01-22 04:26:05', 2200000, 79, 0, 0),
(93, '1', '89', 'Barang masuk id[80] qty=[72], harga[51000]', '2020-01-22 04:26:32', 3672000, 80, 0, 0),
(94, '1', '90', 'Barang masuk id[80] qty=[72], harga[51000]', '2020-01-22 04:26:48', 3672000, 80, 0, 0),
(95, '1', '91', 'Barang masuk id[81] qty=[31], harga[48000]', '2020-01-22 04:27:20', 1488000, 81, 0, 0),
(96, '1', '92', 'Barang masuk id[82] qty=[478], harga[14500]', '2020-01-22 04:28:40', 6931000, 82, 0, 0),
(97, '1', '93', 'Barang masuk id[83] qty=[1025], harga[10000]', '2020-01-22 04:29:01', 10250000, 83, 0, 0),
(98, '1', '94', 'Barang masuk id[84] qty=[30], harga[90000]', '2020-01-22 04:30:00', 2700000, 84, 0, 0),
(99, '1', '95', 'Barang masuk id[85] qty=[1151], harga[24000]', '2020-01-22 04:30:44', 27624000, 85, 0, 0),
(100, '1', '96', 'Barang masuk id[86] qty=[164], harga[22000]', '2020-01-22 04:31:27', 3608000, 86, 0, 0),
(101, '1', '97', 'Barang masuk id[87] qty=[30], harga[230000]', '2020-01-22 04:37:00', 6900000, 87, 0, 0),
(102, '1', '98', 'Barang masuk id[88] qty=[389], harga[25000]', '2020-01-22 04:37:30', 9725000, 88, 0, 0),
(103, '1', '99', 'Barang masuk id[89] qty=[30], harga[75000]', '2020-01-22 04:38:02', 2250000, 89, 0, 0),
(104, '1', '100', 'Barang masuk id[90] qty=[18], harga[25000]', '2020-01-22 04:38:21', 450000, 90, 0, 0),
(105, '1', '101', 'Barang masuk id[91] qty=[1445], harga[1500]', '2020-01-22 04:39:30', 2167500, 91, 0, 0),
(106, '1', '102', 'Barang masuk id[92] qty=[87], harga[5000]', '2020-01-22 04:40:03', 435000, 92, 0, 0),
(107, '1', '103', 'Barang masuk id[93] qty=[70], harga[20000]', '2020-01-22 04:41:39', 1400000, 93, 0, 0),
(108, '1', '104', 'Barang masuk id[94] qty=[92], harga[22000]', '2020-01-22 04:44:24', 2024000, 94, 0, 0),
(109, '1', '105', 'Barang masuk id[95] qty=[6], harga[30000]', '2020-01-22 04:44:54', 180000, 95, 0, 0),
(110, '1', '106', 'Barang masuk id[96] qty=[159], harga[17000]', '2020-01-22 04:47:41', 2703000, 96, 0, 0),
(111, '1', '107', 'Barang masuk id[97] qty=[69], harga[7000]', '2020-01-22 04:47:57', 483000, 97, 0, 0),
(112, '1', '108', 'Barang masuk id[98] qty=[34], harga[55000]', '2020-01-22 04:48:24', 1870000, 98, 0, 0),
(113, '1', '109', 'Barang masuk id[99] qty=[47], harga[20000]', '2020-01-22 04:50:31', 940000, 99, 0, 0),
(114, '1', '110', 'Barang masuk id[100] qty=[23], harga[27000]', '2020-01-22 04:50:52', 621000, 100, 0, 0),
(115, '1', '111', 'Barang masuk id[100] qty=[23], harga[27000]', '2020-01-22 04:51:18', 621000, 100, 0, 0),
(116, '1', '112', 'Barang masuk id[101] qty=[40], harga[30000]', '2020-01-22 04:53:02', 1200000, 101, 0, 0),
(117, '1', '113', 'Barang masuk id[102] qty=[7], harga[80000]', '2020-01-22 04:53:23', 560000, 102, 0, 0),
(118, '1', '114', 'Barang masuk id[103] qty=[30], harga[21000]', '2020-01-22 04:53:41', 630000, 103, 0, 0),
(119, '1', '115', 'Barang masuk id[105] qty=[19], harga[55000]', '2020-01-22 04:54:35', 1045000, 105, 0, 0),
(120, '1', '116', 'Barang masuk id[106] qty=[136], harga[8000]', '2020-01-22 04:54:50', 1088000, 106, 0, 0),
(121, '1', '117', 'Barang masuk id[107] qty=[13], harga[60000]', '2020-01-22 04:55:18', 780000, 107, 0, 0),
(122, '1', '118', 'Barang masuk id[108] qty=[776], harga[31000]', '2020-01-22 04:56:58', 24056000, 108, 0, 0),
(123, '1', '119', 'Barang masuk id[109] qty=[49], harga[21500]', '2020-01-22 04:57:24', 1053500, 109, 0, 0),
(124, '1', '120', 'Barang masuk id[110] qty=[44], harga[29500]', '2020-01-22 04:57:50', 1298000, 110, 0, 0),
(125, '1', '121', 'Barang masuk id[112] qty=[495], harga[35000]', '2020-01-22 04:58:14', 17325000, 112, 0, 0),
(126, '1', '122', 'Barang masuk id[113] qty=[200], harga[50000]', '2020-01-22 05:01:00', 10000000, 113, 0, 0),
(127, '1', '123', 'Barang masuk id[64] qty=[240], harga[32000]', '2020-01-22 05:02:05', 7680000, 64, 0, 0),
(128, '1', '124', 'Barang masuk id[64] qty=[96], harga[32000]', '2020-01-22 05:02:49', 3072000, 64, 0, 0),
(129, '1', '125', 'Barang masuk id[108] qty=[3870], harga[31000]', '2020-01-22 05:03:23', 119970000, 108, 0, 0),
(130, '1', '126', 'Barang masuk id[6] qty=[300], harga[57000]', '2020-01-22 05:03:54', 17100000, 6, 0, 0),
(131, '1', '127', 'Barang masuk id[6] qty=[300], harga[57000]', '2020-01-22 05:04:17', 17100000, 6, 0, 0),
(132, '1', '128', 'Barang masuk id[9] qty=[72], harga[87000]', '2020-01-22 05:04:51', 6264000, 9, 0, 0),
(133, '1', '129', 'Barang masuk id[97] qty=[1200], harga[7000]', '2020-01-22 05:05:48', 8400000, 97, 0, 0),
(135, '9', '200122123430', 'Kpd: [lisa] nama packing: [nn] Kode TRX:[200122123430] Jumlah:[2.123.000] diskon:[87.000] ', '2020-01-22 05:39:11', 87000, 0, 0, 0),
(150, '9', '200122145618', 'Kpd: [nn] nama packing: [nn] Kode TRX:[200122145618] Jumlah:[521.000] diskon:[13.000] ', '2020-01-22 08:03:14', 13000, 0, 0, 0),
(162, '9', '200122152215', 'Kpd: [nn] nama packing: [nn] Kode TRX:[200122152215] Jumlah:[105.000] diskon:[4.000] ', '2020-01-22 08:27:12', 4000, 0, 0, 0),
(173, '9', '200122153932', 'Kpd: [nn] nama packing: [nn] Kode TRX:[200122153932] Jumlah:[1.029.000] diskon:[12.000] ', '2020-01-22 08:43:28', 12000, 0, 0, 0),
(176, '9', '200122154555', 'Kpd: [nn] nama packing: [nn] Kode TRX:[200122154555] Jumlah:[525.000] diskon:[15.000] ', '2020-01-22 08:47:00', 15000, 0, 0, 0),
(184, '1', '226', 'Barang masuk id[104] qty=[124], harga[8000]', '2020-01-22 09:33:29', 992000, 104, 0, 0),
(226, '9', '200123100346', 'Kpd: [annahla] nama packing: [nn] Kode TRX:[200123100346] Jumlah:[770.000] diskon:[770.000] kesalahan input data ', '2020-01-23 03:08:23', 770000, 0, 0, 0),
(228, '9', '200123102659', 'Kpd: [annahla] nama packing: [nn] Kode TRX:[200123102659] Jumlah:[191.478.000] diskon:[191.478.000] ', '2020-01-23 03:28:05', 191478000, 0, 0, 0),
(229, '1', '298', 'Barang masuk id[114] qty=[880], harga[15000]', '2020-01-23 03:31:27', 13200000, 114, 0, 0),
(230, '5', '', 'penambahan modal sesuai dgn pembelian barang', '2020-01-23 03:44:08', 215322496, 0, 0, 0),
(231, '12', '', '[Koreksi]229.Barang masuk id[114] qty=[880], harga[15000] ', '2020-01-25 08:01:28', 1000, 114, 0, 0),
(235, '9', '200125191524', 'Kpd: [-] nama packing: [-] Kode TRX:[200125191524] Jumlah:[31.000] diskon:[1.000] ', '2020-01-25 12:16:05', 1000, 0, 0, 0),
(237, '9', '200126124948', 'Kpd: [nn] nama packing: [aa] Kode TRX:[200126124948] Jumlah:[106.000] diskon:[6.000] oke', '2020-01-26 05:55:14', 6000, 0, 0, 0),
(239, '9', '200126125514', 'Kpd: [-] nama packing: [b] Kode TRX:[200126125514] Jumlah:[63.000] diskon:[1.000] ', '2020-01-26 05:58:13', 1000, 0, 0, 0),
(240, '8', '200126132237', 'Kpd: [bb] nama packing: [ab] Kode TRX:[200126132237] Jumlah:[61.000] diskon:[3.000] ', '2020-01-26 07:01:20', 61000, 0, 52000, 3000),
(241, '9', '200126132237', 'Kpd: [bb] nama packing: [ab] Kode TRX:[200126132237] Jumlah:[61.000] diskon:[3.000] ', '2020-01-26 07:01:20', 3000, 0, 0, 0),
(242, '4', '3', 'Air- Bayar air : jumlah=10000', '2020-01-26 08:07:42', 10000, 0, 0, 0);

--
-- Indexes for dumped tables
--

--
-- Indexes for table `tbl_admin`
--
ALTER TABLE `tbl_admin`
  ADD PRIMARY KEY (`id_admin`);

--
-- Indexes for table `tbl_barang`
--
ALTER TABLE `tbl_barang`
  ADD PRIMARY KEY (`id`);

--
-- Indexes for table `tbl_barang_return`
--
ALTER TABLE `tbl_barang_return`
  ADD PRIMARY KEY (`id`);

--
-- Indexes for table `tbl_barang_transaksi`
--
ALTER TABLE `tbl_barang_transaksi`
  ADD PRIMARY KEY (`id_transaksi`);

--
-- Indexes for table `tbl_group_transaksi`
--
ALTER TABLE `tbl_group_transaksi`
  ADD PRIMARY KEY (`id`);

--
-- Indexes for table `tbl_pengeluaran_bulanan`
--
ALTER TABLE `tbl_pengeluaran_bulanan`
  ADD PRIMARY KEY (`id`);

--
-- Indexes for table `tbl_pengeluaran_bulanan_transaksi`
--
ALTER TABLE `tbl_pengeluaran_bulanan_transaksi`
  ADD PRIMARY KEY (`id`);

--
-- Indexes for table `tbl_pengeluaran_transaksi`
--
ALTER TABLE `tbl_pengeluaran_transaksi`
  ADD PRIMARY KEY (`id`);

--
-- Indexes for table `tbl_transaksi`
--
ALTER TABLE `tbl_transaksi`
  ADD PRIMARY KEY (`id`);

--
-- AUTO_INCREMENT for dumped tables
--

--
-- AUTO_INCREMENT for table `tbl_admin`
--
ALTER TABLE `tbl_admin`
  MODIFY `id_admin` int(11) NOT NULL AUTO_INCREMENT, AUTO_INCREMENT=6;

--
-- AUTO_INCREMENT for table `tbl_barang`
--
ALTER TABLE `tbl_barang`
  MODIFY `id` int(11) NOT NULL AUTO_INCREMENT, AUTO_INCREMENT=119;

--
-- AUTO_INCREMENT for table `tbl_barang_return`
--
ALTER TABLE `tbl_barang_return`
  MODIFY `id` int(11) NOT NULL AUTO_INCREMENT, AUTO_INCREMENT=9;

--
-- AUTO_INCREMENT for table `tbl_barang_transaksi`
--
ALTER TABLE `tbl_barang_transaksi`
  MODIFY `id_transaksi` int(11) NOT NULL AUTO_INCREMENT, AUTO_INCREMENT=312;

--
-- AUTO_INCREMENT for table `tbl_group_transaksi`
--
ALTER TABLE `tbl_group_transaksi`
  MODIFY `id` int(11) NOT NULL AUTO_INCREMENT, AUTO_INCREMENT=13;

--
-- AUTO_INCREMENT for table `tbl_pengeluaran_bulanan`
--
ALTER TABLE `tbl_pengeluaran_bulanan`
  MODIFY `id` int(11) NOT NULL AUTO_INCREMENT, AUTO_INCREMENT=5;

--
-- AUTO_INCREMENT for table `tbl_pengeluaran_bulanan_transaksi`
--
ALTER TABLE `tbl_pengeluaran_bulanan_transaksi`
  MODIFY `id` int(11) NOT NULL AUTO_INCREMENT, AUTO_INCREMENT=4;

--
-- AUTO_INCREMENT for table `tbl_pengeluaran_transaksi`
--
ALTER TABLE `tbl_pengeluaran_transaksi`
  MODIFY `id` int(11) NOT NULL AUTO_INCREMENT, AUTO_INCREMENT=3;

--
-- AUTO_INCREMENT for table `tbl_transaksi`
--
ALTER TABLE `tbl_transaksi`
  MODIFY `id` int(11) NOT NULL AUTO_INCREMENT, AUTO_INCREMENT=243;
COMMIT;

/*!40101 SET CHARACTER_SET_CLIENT=@OLD_CHARACTER_SET_CLIENT */;
/*!40101 SET CHARACTER_SET_RESULTS=@OLD_CHARACTER_SET_RESULTS */;
/*!40101 SET COLLATION_CONNECTION=@OLD_COLLATION_CONNECTION */;
